apiKey,DocumentNumber,Phone
b45361c5d46ad78503b8ce21ffb43012,20450584356481,380958440408
,20450584356481,380958440408
b45361c5d46ad78503b8ce21ffb43012,hftyrhs,380958440408
b45361c5d46ad78503b8ce21ffb43012,2045058435648,380958440408
b45361c5d46ad78503b8ce21ffb43012,204505843564811,380958440408
b45361c5d46ad78503b8ce21ffb43012,    ,380958440408
b45361c5d46ad78503b8ce21ffb43012,,380958440408
b45361c5d46ad78503b8ce21ffb43012,%)&@$%,380958440408
b45361c5d46ad78503b8ce21ffb43012,20450584356481,958440408
b45361c5d46ad78503b8ce21ffb43012,20450584356481,95844040
b45361c5d46ad78503b8ce21ffb43012,20450584356481,hftyrhs
b45361c5d46ad78503b8ce21ffb43012,20450584356481,    
b45361c5d46ad78503b8ce21ffb43012,20450584356481,
b45361c5d46ad78503b8ce21ffb43012,20450584356481,%)&@$%
